,Gender,Link,Name
0,F,https://www.babycenter.com/baby-names-emma-1552.htm,Emma
1,M,https://www.babycenter.com/baby-names-noah-3431.htm,Noah
2,M,https://www.babycenter.com/baby-names-liam-2820.htm,Liam
3,F,https://www.babycenter.com/baby-names-olivia-3504.htm,Olivia
4,F,https://www.babycenter.com/baby-names-ava-450.htm,Ava
5,M,https://www.babycenter.com/baby-names-ethan-1610.htm,Ethan
6,M,https://www.babycenter.com/baby-names-mason-3099.htm,Mason
7,F,https://www.babycenter.com/baby-names-sophia-4200.htm,Sophia
8,F,https://www.babycenter.com/baby-names-isabella-4891.htm,Isabella
9,M,https://www.babycenter.com/baby-names-lucas-2905.htm,Lucas
10,F,https://www.babycenter.com/baby-names-mia-3191.htm,Mia
11,M,https://www.babycenter.com/baby-names-oliver-3503.htm,Oliver
12,M,https://www.babycenter.com/baby-names-aiden-462535.htm,Aiden
13,F,https://www.babycenter.com/baby-names-charlotte-954.htm,Charlotte
14,F,https://www.babycenter.com/baby-names-amelia-252.htm,Amelia
15,M,https://www.babycenter.com/baby-names-elijah-1499.htm,Elijah
16,F,https://www.babycenter.com/baby-names-harper-7165.htm,Harper
17,M,https://www.babycenter.com/baby-names-james-2221.htm,James
18,M,https://www.babycenter.com/baby-names-benjamin-581.htm,Benjamin
19,F,https://www.babycenter.com/baby-names-emily-1551.htm,Emily
